ID,"hash"
905872040053407745,"Neo4j"
905870804570787840,"Python"
905864286240743424,"Neo4j"
905864286240743424,"MÃ¼nchen"
905823425507323904,"tbt"
905823425507323904,"Cypher"
905819795001667584,"CMWorld"
905816888999116801,"nosql"
905816888999116801,"riak"
905816888999116801,"mongodb"
905816888999116801,"redis"
905816888999116801,"spark"
905816888999116801,"neo4j"
905816888999116801,"couchbase"
905816888999116801,"dynamodb"
905816888999116801,"cassandra"
905816888999116801,"couchdb"
905816727753195520,"Neo4j"
905816727753195520,"Berlin"
905808452219539458,"tbt"
905808452219539458,"Cypher"
905808082504216577,"Neo4j"
905804368078807040,"Neo4j"
905797093163499521,"Neo4j"
905797093163499521,"work"
905797093163499521,"freelance"
905797093163499521,"remotework"
905797093163499521,"freelancerslife"
905797093163499521,"programming"
905797093163499521,"java"
905789215916662785,"neo4jquestions"
905787914432520192,"neo4jquestions"
905787871654809604,"neo4jquestions"
905784489091137536,"firebase"
905784489091137536,"neo4j"
905784489091137536,"cypherquery"
905778391353139200,"Rails"
905778391353139200,"RubyonRails"
905778391353139200,"Postgres"
905778391353139200,"ElasticSearch"
905778391353139200,"Neo4J"
905778391353139200,"MongoDB"
905778391353139200,"Redis"
905778013991731200,"Neo4j"
905776457867198465,"neo4jquestions"
905776419925508096,"neo4j"
905776419925508096,"Database"
905776419925508096,"developers"
905776419925508096,"webdevelopment"
905774663535656960,"Neo4j"
905767173142048769,"Neo4j"
905767173142048769,"Hibernate"
905767173142048769,"earlybird"
905767173142048769,"Dresden"
905751243561283585,"neo4jquestions"
905747566423310336,"GraphDatabases"
905747018706030592,"Neo4j"
905746468161568768,"SendGrid_JP"
